condition,rep,n_participants,accuracy,precision,recall,f1,elapsed_s
ba1_rt,0,110,76.36363636363637,78.57142857142857,75.86206896551724,77.19298245614034,74.41488075256348
ba1_it,0,110,70.0,70.49180327868852,74.13793103448276,72.26890756302521,314.899169921875
itmla_rt,0,110,76.36363636363637,77.58620689655173,77.58620689655173,77.58620689655173,77.4752562046051
itmla_it,0,110,70.0,71.9298245614035,70.6896551724138,71.30434782608695,308.5648798942566
ctga_rt,0,110,80.0,86.0,74.13793103448276,79.62962962962963,653.4960267543793
ctga_it,0,110,76.36363636363637,79.62962962962963,74.13793103448276,76.78571428571429,668.3917021751404
full_cdma,0,110,74.54545454545455,76.78571428571429,74.13793103448276,75.43859649122807,675.4644546508789
